,124270,124300,126610LN,126710BLRO,124270 Listings,124300 Listings,126610LN Listings,126710BLRO Listings,124270 Markup,124300 Markup,126610LN Markup,126710BLRO Markup
7/23/2021,11343.5,12664,16271,23687,86,411,219,231,75.86821705,114.6440678,77.82513661,149.3368421
7/30/2021,11426,12849,16417,23994.5,93,411,222,232,77.14728682,117.779661,79.42076503,152.5736842
